{
	 "rootnode": {
		 "name": "RootNode"
		,"transformation": [
			 1
			,0
			,0
			,0
			,0
			,1
			,0
			,0
			,0
			,0
			,1
			,0
			,0
			,0
			,0
			,1
		]
		,"children": [
			{
				 "name": "Plane"
				,"transformation": [
					 2011.94
					,0
					,0
					,0
					,0
					,-0.000327786
					,2011.94
					,0
					,0
					,-2011.94
					,-0.000327786
					,0
					,0
					,0
					,0
					,1
				]
				,"meshes": [
					 0
				]
			}
			,{
				 "name": "Lamp"
				,"transformation": [
					 -29.0865
					,56.6393
					,77.1101
					,407.625
					,-5.5189
					,79.4672
					,-60.4525
					,590.386
					,-95.5171
					,-21.8391
					,-19.9883
					,-100.545
					,0
					,0
					,0
					,1
				]
			}
			,{
				 "name": "Camera"
				,"transformation": [
					 -65.1558
					,-32.4013
					,68.5921
					,748.113
					,-44.5271
					,89.5396
					,-1.19209e-005
					,534.367
					,-61.417
					,-30.5421
					,-72.7676
					,650.764
					,0
					,0
					,0
					,1
				]
			}
		]
	}
	,"flags": 8
	,"meshes": [
		{
			 "name": "Plane"
			,"materialindex": 0
			,"primitivetypes": 4
			,"vertices": [
				 -1
				,-1
				,0
				,1
				,-1
				,0
				,1
				,1
				,0
				,-1
				,1
				,0
			]
			,"normals": [
				 0
				,0
				,1
				,0
				,0
				,1
				,0
				,0
				,1
				,0
				,0
				,1
			]
			,"tangents": [
				 -1.29938e-007
				,1
				,0
				,-1.94907e-007
				,1
				,0
				,-1.29938e-007
				,1
				,0
				,-1.29938e-007
				,1
				,0
			]
			,"bitangents": [
				 1
				,1.29938e-007
				,0
				,1
				,1.4618e-007
				,0
				,1
				,1.29938e-007
				,0
				,1
				,1.29938e-007
				,0
			]
			,"numuvcomponents": [
				 2
			]
			,"texturecoords": [
				[
					 0.0412845
					,0.958716
					,0.0412844
					,0.0412845
					,0.958715
					,0.0412844
					,0.958716
					,0.958715
				]
			]
			,"faces": [
				[
					 0
					,1
					,2
				]
				,[
					 0
					,2
					,3
				]
			]
		}
	]
	,"materials": [
		{
			 "properties": [
				{
					 "key": "$clr.diffuse"
					,"semantic": 0
					,"index": 0
					,"type": 1
					,"value": [
						 0.8
						,0.8
						,0.8
					]
				}
				,{
					 "key": "?mat.name"
					,"semantic": 0
					,"index": 0
					,"type": 3
					,"value": "DefaultMaterial"
				}
			]
		}
	]
	,"lights": [
		{
			 "name": "Lamp"
			,"type": 2
			,"attenuationconstant": 0
			,"attenuationlinear": 1
			,"attenuationquadratic": 1
			,"diffusecolor": [
				 100
				,100
				,100
			]
			,"specularcolor": [
				 100
				,100
				,100
			]
			,"ambientcolor": [
				 0
				,0
				,0
			]
			,"position": [
				 0
				,0
				,0
			]
		}
	]
	,"cameras": [
		{
			 "name": "Camera"
			,"aspect": 1920
			,"clipplanefar": 1000
			,"clipplanenear": 0.1
			,"horizontalfov": 0.0174533
			,"up": [
				 0
				,1
				,0
			]
			,"lookat": [
				 -0.685913
				,0
				,0.727661
			]
		}
	]
}
